<?xml version="1.0" encoding="UTF-8"?>
<project-private xmlns="http://www.netbeans.org/ns/project-private/1">
    <editor-bookmarks xmlns="http://www.netbeans.org/ns/editor-bookmarks/2" lastBookmarkId="0"/>
    <open-files xmlns="http://www.netbeans.org/ns/projectui-open-files/2">
        <group>
            <file>file:/C:/Users/Rodrigo/RELEjercicio1Guia11/src/relejercicio1guia11/Entidades/Persona.java</file>
            <file>file:/C:/Users/Rodrigo/RELEjercicio1Guia11/src/relejercicio1guia11/Entidades/Perro.java</file>
            <file>file:/C:/Users/Rodrigo/RELEjercicio1Guia11/src/relejercicio1guia11/Servicios/PersonaServicio.java</file>
            <file>file:/C:/Users/Rodrigo/RELEjercicio1Guia11/src/relejercicio1guia11/RELEjercicio1Guia11.java</file>
        </group>
    </open-files>
</project-private>
